-- phpMyAdmin SQL Dump
-- version 5.2.1
-- https://www.phpmyadmin.net/
--
-- Host: 127.0.0.1
-- Generation Time: Sep 04, 2025 at 01:54 PM
-- Server version: 10.4.32-MariaDB
-- PHP Version: 8.2.12

SET SQL_MODE = "NO_AUTO_VALUE_ON_ZERO";
START TRANSACTION;
SET time_zone = "+00:00";


/*!40101 SET @OLD_CHARACTER_SET_CLIENT=@@CHARACTER_SET_CLIENT */;
/*!40101 SET @OLD_CHARACTER_SET_RESULTS=@@CHARACTER_SET_RESULTS */;
/*!40101 SET @OLD_COLLATION_CONNECTION=@@COLLATION_CONNECTION */;
/*!40101 SET NAMES utf8mb4 */;

--
-- Database: `pharmacy_pos`
--

-- --------------------------------------------------------

--
-- Table structure for table `customers`
--

CREATE TABLE `customers` (
  `customer_id` int(11) NOT NULL,
  `name` varchar(100) DEFAULT NULL,
  `phone` varchar(15) DEFAULT NULL,
  `email` varchar(100) DEFAULT NULL,
  `created_at` timestamp NOT NULL DEFAULT current_timestamp()
) ENGINE=InnoDB DEFAULT CHARSET=utf8mb4 COLLATE=utf8mb4_general_ci;

-- --------------------------------------------------------

--
-- Table structure for table `medicines`
--

CREATE TABLE `medicines` (
  `ItemID` int(11) NOT NULL,
  `ItemName` varchar(255) NOT NULL,
  `Description` text DEFAULT NULL,
  `Quantity` int(11) NOT NULL,
  `expiry_date` date NOT NULL,
  `SellingPrice` decimal(10,2) NOT NULL
) ENGINE=InnoDB DEFAULT CHARSET=utf8mb4 COLLATE=utf8mb4_general_ci;

--
-- Dumping data for table `medicines`
--

INSERT INTO `medicines` (`ItemID`, `ItemName`, `Description`, `Quantity`, `expiry_date`, `SellingPrice`) VALUES
(4, 'ABD MOP', 'ALLOPATHIC - TABLET (Batch: ABCD1235, Supplier: DK)', 10, '2025-11-29', 62.40),
(5, 'ABDOMINAL BELT (M)', 'AYURVEDIC - CAPSULE (Batch: F2644RS, Supplier: Mihir Dk)', 5, '0000-00-00', 78.00),
(6, 'ABDOMINAL BELT XL', 'HOMEOPATHIC - OINTMENT (Batch: B1254WE, Supplier: 0)', 0, '0000-00-00', 84.00),
(7, 'ABDOMINAL BELT XXL', 'DEVICE - CREAM (Batch: 21425Q3, Supplier: MAHAVIR MEDICAL AGENCIES)', 0, '0000-00-00', 60.00),
(8, 'ABGEL', 'ALLOPATHIC - SYRUP (Batch: 2214034AE, Supplier: NARENDRA PHARMA)', 0, '0000-00-00', 62.40),
(9, 'ACIVIR DT 200', 'SURGICAL - GEL (Batch: 25474NHRE1, Supplier: HEM PHARMA)', 0, '0000-00-00', 86.40),
(10, 'ADK DRAIN KIT 28', 'AYURVEDIC - TABLET (Batch: ASCA124A, Supplier: RAHUL ENTERPRISES)', 0, '0000-00-00', 72.00),
(11, 'ADK DRAIN KIT 32', 'HOMEOPATHIC - INJECTION (Batch: DASA1241, Supplier: KACHOLIYA MEDICAL AGENCIES)', 0, '0000-00-00', 78.00),
(12, 'ADRENALINE INJ', 'DEVICE - CAPSULE (Batch: ASSA1885, Supplier: SHRINATH AGENCIES)', 0, '0000-00-00', 110.40),
(13, 'ALBUREL 20%', 'ALLOPATHIC - OINTMENT (Batch: ABCD1236, Supplier: MAHADEV AGENCIES)', 0, '0000-00-00', 122.40),
(14, 'ALDACTONE 100', 'SURGICAL - CREAM (Batch: H61E259, Supplier: K.P DISTRIBUTORS)', 0, '0000-00-00', 660.00),
(15, 'ALEX LOZENGES', 'AYURVEDIC - SYRUP (Batch: F2644RS, Supplier: KARWA PHARMACEUTICALS)', 0, '0000-00-00', 488.40),
(16, 'ALIVHER', 'HOMEOPATHIC - GEL (Batch: B1254WE, Supplier: ANAND SURGI PHARMA)', 0, '0000-00-00', 362.40),
(17, 'ALL 9 TAB.', 'DEVICE - TABLET (Batch: 21425Q4, Supplier: MAHAVIR MEDICAL AGENCIES)', 0, '0000-00-00', 180.00),
(18, 'ALTHROCIN 250', 'ALLOPATHIC - INJECTION (Batch: 2214034AE, Supplier: NARENDRA PHARMA)', 0, '0000-00-00', 96.00),
(19, 'AMARYL 1', 'SURGICAL - CAPSULE (Batch: 25474NHRE2, Supplier: 0)', 80, '0000-00-00', 120.00),
(20, 'AMINOFIT', 'AYURVEDIC - OINTMENT (Batch: ASCA124A, Supplier: RAHUL ENTERPRISES)', 0, '0000-00-00', 78.00),
(21, 'AMINOWEL INJ', 'HOMEOPATHIC - CREAM (Batch: DASA1242, Supplier: KACHOLIYA MEDICAL AGENCIES)', 0, '0000-00-00', 79.20),
(22, 'ANAWIN 5% INJ', 'DEVICE - SYRUP (Batch: ASSA1886, Supplier: SHRINATH AGENCIES)', 0, '0000-00-00', 90.00),
(23, 'ANDROFAST GEL 1%', 'ALLOPATHIC - GEL (Batch: ABCD1237, Supplier: MAHADEV AGENCIES)', 0, '0000-00-00', 96.00),
(24, 'ANOVATE OINTMENT', 'SURGICAL - TABLET (Batch: H61E260, Supplier: K.P DISTRIBUTORS)', 0, '0000-00-00', 102.00),
(25, 'ANTI D 150 MCG', 'AYURVEDIC - INJECTION (Batch: F2644RS, Supplier: KARWA PHARMACEUTICALS)', 0, '0000-00-00', 108.00),
(26, 'ANTI D 300 MCG', 'HOMEOPATHIC - CAPSULE (Batch: B1254WE, Supplier: ANAND SURGI PHARMA)', 0, '0000-00-00', 114.00),
(27, 'AQSUSTEN INJ 25 MG', 'DEVICE - OINTMENT (Batch: 21425Q5, Supplier: MAHAVIR MEDICAL AGENCIES)', 0, '0000-00-00', 120.00),
(28, 'AQSUSTEN 50MG INJ', 'ALLOPATHIC - CREAM (Batch: 2214034AE, Supplier: NARENDRA PHARMA)', 0, '0000-00-00', 126.00),
(29, 'ARG 9 POWDER', 'SURGICAL - SYRUP (Batch: 25474NHRE3, Supplier: HEM PHARMA)', 0, '0000-00-00', 132.00),
(30, 'ARISTOZYME LIQUID', 'AYURVEDIC - GEL (Batch: ASCA124A, Supplier: RAHUL ENTERPRISES)', 0, '0000-00-00', 138.00),
(31, 'ARM SLING M', 'HOMEOPATHIC - TABLET (Batch: DASA1243, Supplier: KACHOLIYA MEDICAL AGENCIES)', 0, '0000-00-00', 144.00),
(32, 'ASTYMIN M FORTE TAB', 'DEVICE - INJECTION (Batch: ASSA1887, Supplier: SHRINATH AGENCIES)', 0, '0000-00-00', 150.00),
(33, 'ATARAX DROPS', 'ALLOPATHIC - CAPSULE (Batch: ABCD1238, Supplier: MAHADEV AGENCIES)', 0, '0000-00-00', 156.00),
(34, 'ATROPINE INJ.', 'SURGICAL - OINTMENT (Batch: H61E261, Supplier: K.P DISTRIBUTORS)', 0, '0000-00-00', 162.00),
(35, 'AUGMENTIN 1.2 GM INJ', 'AYURVEDIC - CREAM (Batch: F2644RS, Supplier: KARWA PHARMACEUTICALS)', 0, '0000-00-00', 168.00),
(36, 'AVIL 25', 'HOMEOPATHIC - SYRUP (Batch: B1254WE, Supplier: ANAND SURGI PHARMA)', 0, '0000-00-00', 174.00),
(37, 'AVIL INJ 2 ML', 'DEVICE - GEL (Batch: 21425Q6, Supplier: MAHAVIR MEDICAL AGENCIES)', 0, '0000-00-00', 180.00),
(38, 'AXCER 90', 'ALLOPATHIC - TABLET (Batch: 2214034AE, Supplier: NARENDRA PHARMA)', 0, '0000-00-00', 186.00),
(39, 'AZEE 250', 'SURGICAL - INJECTION (Batch: 25474NHRE4, Supplier: HEM PHARMA)', 0, '0000-00-00', 192.00),
(40, 'AZEE 500', 'AYURVEDIC - CAPSULE (Batch: ASCA124A, Supplier: RAHUL ENTERPRISES)', 0, '0000-00-00', 198.00),
(41, 'B LONG', 'HOMEOPATHIC - OINTMENT (Batch: DASA1244, Supplier: KACHOLIYA MEDICAL AGENCIES)', 0, '0000-00-00', 204.00),
(42, 'B PROTIN CHOCOLATE', 'DEVICE - CREAM (Batch: ASSA1888, Supplier: SHRINATH AGENCIES)', 0, '0000-00-00', 210.00),
(43, 'B PROTIN DRY FRUIT', 'ALLOPATHIC - SYRUP (Batch: ABCD1239, Supplier: MAHADEV AGENCIES)', 0, '0000-00-00', 216.00),
(44, 'B4 NAPPI BIG 80 PC', 'SURGICAL - GEL (Batch: H61E262, Supplier: K.P DISTRIBUTORS)', 0, '0000-00-00', 222.00),
(45, 'B4 NAPPI WIPES', 'AYURVEDIC - TABLET (Batch: F2644RS, Supplier: KARWA PHARMACEUTICALS)', 0, '0000-00-00', 228.00),
(46, 'BECADEXAMIN CAPS. 60', 'HOMEOPATHIC - INJECTION (Batch: B1254WE, Supplier: ANAND SURGI PHARMA)', 0, '0000-00-00', 234.00),
(47, 'BECOSULES', 'DEVICE - CAPSULE (Batch: 21425Q7, Supplier: MAHAVIR MEDICAL AGENCIES)', 0, '0000-00-00', 240.00),
(48, 'BECOZINC', 'ALLOPATHIC - OINTMENT (Batch: 2214034AE, Supplier: NARENDRA PHARMA)', 0, '0000-00-00', 246.00),
(49, 'BEDSHEET ABSORBANT', 'SURGICAL - CREAM (Batch: 25474NHRE5, Supplier: HEM PHARMA)', 0, '0000-00-00', 252.00),
(50, 'BETADINE OINTMENT', 'AYURVEDIC - SYRUP (Batch: ASCA124A, Supplier: RAHUL ENTERPRISES)', 0, '0000-00-00', 258.00),
(51, 'BETADINE POWDER', 'HOMEOPATHIC - GEL (Batch: DASA1245, Supplier: KACHOLIYA MEDICAL AGENCIES)', 0, '0000-00-00', 264.00),
(52, 'BETADINE VAGINAL PESSARIES', 'DEVICE - TABLET (Batch: ASSA1889, Supplier: SHRINATH AGENCIES)', 0, '0000-00-00', 270.00),
(53, 'BETNOVATE C CREAM', 'ALLOPATHIC - INJECTION (Batch: ABCD1240, Supplier: MAHADEV AGENCIES)', 0, '0000-00-00', 276.00),
(54, 'BETNOVATE N CREAM', 'SURGICAL - CAPSULE (Batch: H61E263, Supplier: K.P DISTRIBUTORS)', 0, '0000-00-00', 282.00),
(55, 'BETNOVATE-GM', 'AYURVEDIC - OINTMENT (Batch: F2644RS, Supplier: KARWA PHARMACEUTICALS)', 0, '0000-00-00', 288.00),
(56, 'BIDANZEN FORTE', 'HOMEOPATHIC - CREAM (Batch: B1254WE, Supplier: ANAND SURGI PHARMA)', 0, '0000-00-00', 294.00),
(57, 'BIGOMET 500', 'DEVICE - SYRUP (Batch: 21425Q8, Supplier: MAHAVIR MEDICAL AGENCIES)', 0, '0000-00-00', 300.00),
(58, 'BIGOMET 850', 'ALLOPATHIC - GEL (Batch: 2214034AE, Supplier: NARENDRA PHARMA)', 0, '0000-00-00', 306.00),
(59, 'BIGOMET SR 500', 'SURGICAL - TABLET (Batch: 25474NHRE6, Supplier: HEM PHARMA)', 0, '0000-00-00', 312.00),
(60, 'BILYPSA-4 TAB', 'AYURVEDIC - INJECTION (Batch: ASCA124A, Supplier: RAHUL ENTERPRISES)', 0, '0000-00-00', 318.00),
(61, 'BISCUIT', 'HOMEOPATHIC - CAPSULE (Batch: DASA1246, Supplier: KACHOLIYA MEDICAL AGENCIES)', 0, '0000-00-00', 324.00),
(62, 'BISCUITS', 'DEVICE - OINTMENT (Batch: ASSA1890, Supplier: SHRINATH AGENCIES)', 0, '0000-00-00', 330.00),
(63, 'BOTROCLOT SOLUTION', 'ALLOPATHIC - CREAM (Batch: ABCD1241, Supplier: MAHADEV AGENCIES)', 0, '0000-00-00', 336.00),
(64, 'BREAST RELIEVER', 'SURGICAL - SYRUP (Batch: H61E264, Supplier: K.P DISTRIBUTORS)', 0, '0000-00-00', 342.00),
(65, 'BREST PUMP', 'AYURVEDIC - GEL (Batch: F2644RS, Supplier: KARWA PHARMACEUTICALS)', 0, '0000-00-00', 348.00),
(66, 'BUDECORT 0.5 MG RESPULES', 'HOMEOPATHIC - TABLET (Batch: B1254WE, Supplier: ANAND SURGI PHARMA)', 0, '0000-00-00', 354.00),
(67, 'BUSCOGAST 10', 'DEVICE - INJECTION (Batch: 21425Q9, Supplier: MAHAVIR MEDICAL AGENCIES)', 0, '0000-00-00', 360.00),
(68, 'BUSCOGAST INJ', 'ALLOPATHIC - CAPSULE (Batch: 2214034AE, Supplier: NARENDRA PHARMA)', 0, '0000-00-00', 366.00),
(69, 'BUTODOL 1MG INJ', 'SURGICAL - OINTMENT (Batch: 25474NHRE7, Supplier: HEM PHARMA)', 0, '0000-00-00', 372.00),
(70, 'CABERLIN 0.25', 'AYURVEDIC - CREAM (Batch: ASCA124A, Supplier: RAHUL ENTERPRISES)', 0, '0000-00-00', 378.00),
(71, 'CABERLIN 0.5', 'HOMEOPATHIC - SYRUP (Batch: DASA1247, Supplier: KACHOLIYA MEDICAL AGENCIES)', 0, '0000-00-00', 384.00),
(72, 'CABGOLIN 0.25', 'DEVICE - GEL (Batch: ASSA1891, Supplier: SHRINATH AGENCIES)', 0, '0000-00-00', 390.00),
(73, 'CABGOLIN 0.5', 'ALLOPATHIC - TABLET (Batch: ABCD1242, Supplier: MAHADEV AGENCIES)', 0, '0000-00-00', 396.00),
(74, 'CABOPROST 125 MG INJ', 'SURGICAL - INJECTION (Batch: H61E265, Supplier: K.P DISTRIBUTORS)', 0, '0000-00-00', 402.00),
(75, 'CALCIFIT 500', 'AYURVEDIC - CAPSULE (Batch: F2644RS, Supplier: KARWA PHARMACEUTICALS)', 0, '0000-00-00', 408.00),
(76, 'CALCIGARD 10', 'HOMEOPATHIC - OINTMENT (Batch: B1254WE, Supplier: ANAND SURGI PHARMA)', 0, '0000-00-00', 414.00),
(77, 'CALCIMAX FORTE', 'DEVICE - CREAM (Batch: 21425Q10, Supplier: MAHAVIR MEDICAL AGENCIES)', 0, '0000-00-00', 420.00),
(78, 'CALCIMAX SUSPENSION', 'ALLOPATHIC - SYRUP (Batch: 2214034AE, Supplier: NARENDRA PHARMA)', 0, '0000-00-00', 426.00),
(79, 'CALCULATE TAB', 'SURGICAL - GEL (Batch: 25474NHRE8, Supplier: HEM PHARMA)', 0, '0000-00-00', 432.00),
(80, 'CALENDULA OINTMENT', 'AYURVEDIC - TABLET (Batch: ASCA124A, Supplier: RAHUL ENTERPRISES)', 0, '0000-00-00', 438.00),
(81, 'CALPOL', 'HOMEOPATHIC - INJECTION (Batch: DASA1248, Supplier: KACHOLIYA MEDICAL AGENCIES)', 0, '0000-00-00', 444.00),
(82, 'CANDID B CREAM', 'DEVICE - CAPSULE (Batch: ASSA1892, Supplier: SHRINATH AGENCIES)', 0, '0000-00-00', 450.00),
(83, 'CANDID CREAM', 'ALLOPATHIC - OINTMENT (Batch: ABCD1243, Supplier: MAHADEV AGENCIES)', 0, '0000-00-00', 456.00),
(84, 'CANDID POWDER', 'SURGICAL - CREAM (Batch: H61E266, Supplier: K.P DISTRIBUTORS)', 0, '0000-00-00', 462.00),
(85, 'CANDID V GEL', 'AYURVEDIC - SYRUP (Batch: F2644RS, Supplier: KARWA PHARMACEUTICALS)', 0, '0000-00-00', 468.00),
(86, 'CANDID V6', 'HOMEOPATHIC - GEL (Batch: B1254WE, Supplier: ANAND SURGI PHARMA)', 0, '0000-00-00', 474.00),
(87, 'CANDITRAL 100', 'DEVICE - TABLET (Batch: 21425Q11, Supplier: MAHAVIR MEDICAL AGENCIES)', 0, '0000-00-00', 480.00),
(88, 'CANSOFT VAG PESSARIES', 'ALLOPATHIC - INJECTION (Batch: 2214034AE, Supplier: NARENDRA PHARMA)', 0, '0000-00-00', 486.00),
(89, 'CARITEC 100 INJ', 'SURGICAL - CAPSULE (Batch: 25474NHRE9, Supplier: HEM PHARMA)', 0, '0000-00-00', 492.00),
(90, 'CARNISURE 500', 'AYURVEDIC - OINTMENT (Batch: ASCA124A, Supplier: RAHUL ENTERPRISES)', 0, '0000-00-00', 498.00),
(91, 'CASTOR OIL', 'HOMEOPATHIC - CREAM (Batch: DASA1249, Supplier: KACHOLIYA MEDICAL AGENCIES)', 0, '0000-00-00', 504.00),
(92, 'CATGUT 2-0 NW4241', 'DEVICE - SYRUP (Batch: ASSA1893, Supplier: SHRINATH AGENCIES)', 0, '0000-00-00', 510.00),
(93, 'CATHFLUSH SOL. 2 MI', 'ALLOPATHIC - GEL (Batch: ABCD1244, Supplier: MAHADEV AGENCIES)', 0, '0000-00-00', 516.00),
(94, 'CB LIN 0.5', 'SURGICAL - TABLET (Batch: H61E267, Supplier: K.P DISTRIBUTORS)', 0, '0000-00-00', 522.00),
(95, 'CDENSE', 'AYURVEDIC - INJECTION (Batch: F2644RS, Supplier: KARWA PHARMACEUTICALS)', 0, '0000-00-00', 528.00),
(96, 'CEFTUM 250', 'HOMEOPATHIC - CAPSULE (Batch: B1254WE, Supplier: ANAND SURGI PHARMA)', 0, '0000-00-00', 534.00),
(97, 'CEFTUM 500 TAB NEW', 'DEVICE - OINTMENT (Batch: 21425Q12, Supplier: MAHAVIR MEDICAL AGENCIES)', 0, '0000-00-00', 540.00),
(98, 'CEFTUM 500 TAB..', 'ALLOPATHIC - CREAM (Batch: 2214034AE, Supplier: NARENDRA PHARMA)', 0, '0000-00-00', 546.00),
(99, 'CELIN 500', 'SURGICAL - SYRUP (Batch: 25474NHRE10, Supplier: HEM PHARMA)', 0, '0000-00-00', 552.00),
(100, 'CERVIPRIME GEL', 'AYURVEDIC - GEL (Batch: ASCA124A, Supplier: RAHUL ENTERPRISES)', 0, '0000-00-00', 558.00),
(101, 'CETIL 500', 'HOMEOPATHIC - TABLET (Batch: DASA1250, Supplier: KACHOLIYA MEDICAL AGENCIES)', 0, '0000-00-00', 564.00),
(102, 'CETZINE', 'DEVICE - INJECTION (Batch: ASSA1894, Supplier: SHRINATH AGENCIES)', 0, '0000-00-00', 570.00),
(103, 'CHEST LEADS', 'ALLOPATHIC - CAPSULE (Batch: ABCD1245, Supplier: MAHADEV AGENCIES)', 0, '0000-00-00', 576.00),
(104, 'CHYAWANPRASH 500 GM', 'SURGICAL - OINTMENT (Batch: H61E268, Supplier: K.P DISTRIBUTORS)', 0, '0000-00-00', 582.00),
(105, 'CIPLOX 500', 'AYURVEDIC - CREAM (Batch: F2644RS, Supplier: KARWA PHARMACEUTICALS)', 0, '0000-00-00', 588.00),
(106, 'CIPLOX EYE/EAR DROPS 10ML', 'HOMEOPATHIC - SYRUP (Batch: B1254WE, Supplier: ANAND SURGI PHARMA)', 0, '0000-00-00', 594.00),
(107, 'CIPLOX TZ', 'DEVICE - GEL (Batch: 21425Q13, Supplier: MAHAVIR MEDICAL AGENCIES)', 0, '0000-00-00', 600.00),
(108, 'CITAL LIQUID', 'ALLOPATHIC - TABLET (Batch: 2214034AE, Supplier: NARENDRA PHARMA)', 0, '0000-00-00', 606.00),
(109, 'CLAVAM 375', 'SURGICAL - INJECTION (Batch: 25474NHRE11, Supplier: HEM PHARMA)', 0, '0000-00-00', 612.00),
(110, 'CLAVAM 625', 'AYURVEDIC - CAPSULE (Batch: ASCA124A, Supplier: RAHUL ENTERPRISES)', 0, '0000-00-00', 618.00),
(111, 'CLINGEN VAG SUPPO 7', 'HOMEOPATHIC - OINTMENT (Batch: DASA1251, Supplier: KACHOLIYA MEDICAL AGENCIES)', 0, '0000-00-00', 624.00),
(112, 'CLINSODENT', 'DEVICE - CREAM (Batch: ASSA1895, Supplier: SHRINATH AGENCIES)', 0, '0000-00-00', 630.00),
(113, 'CLINTAS CL 3', 'ALLOPATHIC - SYRUP (Batch: ABCD1246, Supplier: MAHADEV AGENCIES)', 0, '0000-00-00', 636.00),
(114, 'COLICAID DROPS', 'SURGICAL - GEL (Batch: H61E269, Supplier: K.P DISTRIBUTORS)', 0, '0000-00-00', 642.00),
(115, 'COMBIFLAM', 'AYURVEDIC - TABLET (Batch: F2644RS, Supplier: KARWA PHARMACEUTICALS)', 0, '0000-00-00', 648.00),
(116, 'COQ FORTE', 'HOMEOPATHIC - INJECTION (Batch: B1254WE, Supplier: ANAND SURGI PHARMA)', 0, '0000-00-00', 654.00),
(117, 'COQ LC TAB', 'DEVICE - CAPSULE (Batch: 21425Q14, Supplier: MAHAVIR MEDICAL AGENCIES)', 0, '0000-00-00', 660.00),
(118, 'COR 3', 'ALLOPATHIC - OINTMENT (Batch: 2214034AE, Supplier: NARENDRA PHARMA)', 0, '0000-00-00', 666.00),
(119, 'CORD CLAMP.', 'SURGICAL - CREAM (Batch: 25474NHRE12, Supplier: HEM PHARMA)', 0, '0000-00-00', 672.00),
(120, 'CORDARONE 150 MG INJ', 'AYURVEDIC - SYRUP (Batch: ASCA124A, Supplier: RAHUL ENTERPRISES)', 0, '0000-00-00', 678.00),
(121, 'COREX DX SYRUP', 'HOMEOPATHIC - GEL (Batch: DASA1252, Supplier: KACHOLIYA MEDICAL AGENCIES)', 0, '0000-00-00', 684.00),
(122, 'CORRUGATED DRAIN SHEET LARGE', 'DEVICE - TABLET (Batch: ASSA1896, Supplier: SHRINATH AGENCIES)', 0, '0000-00-00', 690.00),
(123, 'COSKLOT MF', 'ALLOPATHIC - INJECTION (Batch: ABCD1247, Supplier: MAHADEV AGENCIES)', 0, '0000-00-00', 39.60),
(124, 'COTTON', 'SURGICAL - CAPSULE (Batch: H61E270, Supplier: K.P DISTRIBUTORS)', 0, '0000-00-00', 79.20),
(125, 'COTTON BANDAGE 4 INCH', 'AYURVEDIC - OINTMENT (Batch: F2644RS, Supplier: KARWA PHARMACEUTICALS)', 0, '0000-00-00', 87.60),
(126, 'CPINK 100', 'HOMEOPATHIC - CREAM (Batch: B1254WE, Supplier: ANAND SURGI PHARMA)', 0, '0000-00-00', 92.40),
(127, 'CREMAFIN PINK', 'DEVICE - SYRUP (Batch: 21425Q15, Supplier: MAHAVIR MEDICAL AGENCIES)', 0, '0000-00-00', 116.40),
(128, 'CROCIN 650', 'ALLOPATHIC - GEL (Batch: 2214034AE, Supplier: NARENDRA PHARMA)', 0, '0000-00-00', 133.08),
(129, 'CROCIN PAED DROPS', 'SURGICAL - TABLET (Batch: 25474NHRE13, Supplier: HEM PHARMA)', 0, '0000-00-00', 174.00),
(130, 'CYCLOPALM TAB.', 'AYURVEDIC - INJECTION (Batch: ASCA124A, Supplier: RAHUL ENTERPRISES)', 0, '0000-00-00', 166.44),
(131, 'DARUVIR 800 R', 'HOMEOPATHIC - CAPSULE (Batch: DASA1253, Supplier: KACHOLIYA MEDICAL AGENCIES)', 0, '0000-00-00', 183.12),
(132, 'DAXID 50', 'DEVICE - OINTMENT (Batch: ASSA1897, Supplier: SHRINATH AGENCIES)', 0, '0000-00-00', 199.80),
(133, 'DEPIN 10', 'ALLOPATHIC - CREAM (Batch: ABCD1248, Supplier: MAHADEV AGENCIES)', 0, '0000-00-00', 216.48),
(134, 'DERIPHYLLIN 100', 'SURGICAL - SYRUP (Batch: H61E271, Supplier: K.P DISTRIBUTORS)', 0, '0000-00-00', 233.16),
(135, 'DERIPHYLLIN INJ', 'AYURVEDIC - GEL (Batch: F2644RS, Supplier: KARWA PHARMACEUTICALS)', 0, '0000-00-00', 249.84),
(136, 'DETTOL LIQ 100 ML', 'HOMEOPATHIC - TABLET (Batch: B1254WE, Supplier: ANAND SURGI PHARMA)', 0, '0000-00-00', 266.52),
(137, 'DETTOL LIQ 50ML', 'DEVICE - INJECTION (Batch: 21425Q16, Supplier: MAHAVIR MEDICAL AGENCIES)', 0, '0000-00-00', 283.20),
(138, 'DETTOL SOAP COOL', 'ALLOPATHIC - CAPSULE (Batch: 2214034AE, Supplier: NARENDRA PHARMA)', 0, '0000-00-00', 299.88),
(139, 'DEVIRY 10', 'SURGICAL - OINTMENT (Batch: 25474NHRE14, Supplier: HEM PHARMA)', 0, '0000-00-00', 316.56),
(140, 'DEXONA 0.5', 'AYURVEDIC - CREAM (Batch: ASCA124A, Supplier: RAHUL ENTERPRISES)', 0, '0000-00-00', 333.24),
(141, 'DEXONA 0.5 MG TAB', 'HOMEOPATHIC - SYRUP (Batch: DASA1254, Supplier: KACHOLIYA MEDICAL AGENCIES)', 0, '0000-00-00', 349.92),
(142, 'DEXONA 4 MG INJ', 'DEVICE - GEL (Batch: ASSA1898, Supplier: SHRINATH AGENCIES)', 0, '0000-00-00', 366.60),
(143, 'DEXORANGE SYRUP', 'ALLOPATHIC - TABLET (Batch: ABCD1249, Supplier: MAHADEV AGENCIES)', 0, '0000-00-00', 383.28),
(144, 'DEXTOMID 50 MG INJ', 'SURGICAL - INJECTION (Batch: H61E272, Supplier: K.P DISTRIBUTORS)', 0, '0000-00-00', 399.96),
(145, 'DEXTROSE 10% IV', 'AYURVEDIC - CAPSULE (Batch: F2644RS, Supplier: KARWA PHARMACEUTICALS)', 0, '0000-00-00', 416.64),
(146, 'DEXTROSE INJ 5% 500ML', 'HOMEOPATHIC - OINTMENT (Batch: B1254WE, Supplier: ANAND SURGI PHARMA)', 0, '0000-00-00', 433.32),
(147, 'DEXTROSE NORMAL SALINE IV', 'DEVICE - CREAM (Batch: 21425Q17, Supplier: MAHAVIR MEDICAL AGENCIES)', 0, '0000-00-00', 450.00),
(148, 'DFRAG TAB', 'ALLOPATHIC - SYRUP (Batch: 2214034AE, Supplier: NARENDRA PHARMA)', 0, '0000-00-00', 466.68),
(149, 'DIAMOX 250', 'SURGICAL - GEL (Batch: 25474NHRE15, Supplier: HEM PHARMA)', 0, '0000-00-00', 483.36),
(150, 'DICALIS TAB', 'AYURVEDIC - TABLET (Batch: ASCA124A, Supplier: RAHUL ENTERPRISES)', 0, '0000-00-00', 500.04),
(151, 'DICLOMOL', 'HOMEOPATHIC - INJECTION (Batch: DASA1255, Supplier: KACHOLIYA MEDICAL AGENCIES)', 0, '0000-00-00', 516.72),
(152, 'DOLO 650', 'DEVICE - CAPSULE (Batch: ASSA1899, Supplier: SHRINATH AGENCIES)', 0, '0000-00-00', 533.40),
(153, 'DOLONEX DT 20', 'ALLOPATHIC - OINTMENT (Batch: ABCD1250, Supplier: MAHADEV AGENCIES)', 0, '0000-00-00', 550.08),
(154, 'DOMSTAL BABY DROPS', 'SURGICAL - CREAM (Batch: H61E273, Supplier: K.P DISTRIBUTORS)', 0, '0000-00-00', 566.76),
(155, 'DOXINATE 10', 'AYURVEDIC - SYRUP (Batch: F2644RS, Supplier: KARWA PHARMACEUTICALS)', 0, '0000-00-00', 583.44),
(156, 'DOXINATE OD TAB', 'HOMEOPATHIC - GEL (Batch: B1254WE, Supplier: ANAND SURGI PHARMA)', 0, '0000-00-00', 600.12),
(157, 'DOXY-1 LDR FORTE CAP', 'DEVICE - TABLET (Batch: 21425Q18, Supplier: MAHAVIR MEDICAL AGENCIES)', 0, '0000-00-00', 616.80),
(158, 'DROTIN M', 'ALLOPATHIC - INJECTION (Batch: 2214034AE, Supplier: NARENDRA PHARMA)', 0, '0000-00-00', 633.48),
(159, 'DUBAGEST SR 200', 'SURGICAL - CAPSULE (Batch: 25474NHRE16, Supplier: HEM PHARMA)', 0, '0000-00-00', 650.16),
(160, 'DULCOFLEX', 'AYURVEDIC - OINTMENT (Batch: ASCA124A, Supplier: RAHUL ENTERPRISES)', 0, '0000-00-00', 666.84),
(161, 'DUPHALAC LIQUID', 'HOMEOPATHIC - CREAM (Batch: DASA1256, Supplier: KACHOLIYA MEDICAL AGENCIES)', 0, '0000-00-00', 683.52),
(162, 'DUPHASTON 10', 'DEVICE - SYRUP (Batch: ASSA1900, Supplier: SHRINATH AGENCIES)', 0, '0000-00-00', 700.20),
(163, 'DUVADILAN 10', 'ALLOPATHIC - GEL (Batch: ABCD1251, Supplier: MAHADEV AGENCIES)', 0, '0000-00-00', 24.00),
(164, 'DUVADILAN INJ', 'SURGICAL - TABLET (Batch: H61E274, Supplier: K.P DISTRIBUTORS)', 0, '0000-00-00', 36.00),
(165, 'DUVADILAN RETARD 40', 'AYURVEDIC - INJECTION (Batch: F2644RS, Supplier: KARWA PHARMACEUTICALS)', 0, '0000-00-00', 48.00),
(166, 'DYDROBOON TAB', 'HOMEOPATHIC - CAPSULE (Batch: B1254WE, Supplier: ANAND SURGI PHARMA)', 0, '0000-00-00', 60.00),
(167, 'DYDROGEST TAB', 'DEVICE - OINTMENT (Batch: 21425Q19, Supplier: MAHAVIR MEDICAL AGENCIES)', 0, '0000-00-00', 72.00),
(168, 'DYDROWELL TAB', 'ALLOPATHIC - CREAM (Batch: 2214034AE, Supplier: NARENDRA PHARMA)', 0, '0000-00-00', 84.00),
(169, 'DYNAPAR INJ', 'SURGICAL - SYRUP (Batch: 25474NHRE17, Supplier: HEM PHARMA)', 0, '0000-00-00', 96.00),
(170, 'DYSMEN', 'AYURVEDIC - GEL (Batch: ASCA124A, Supplier: RAHUL ENTERPRISES)', 0, '0000-00-00', 108.00),
(171, 'DYTOR INJ', 'HOMEOPATHIC - TABLET (Batch: DASA1257, Supplier: KACHOLIYA MEDICAL AGENCIES)', 0, '0000-00-00', 120.00),
(172, 'Dextrose 25% 100 Ml Inj', 'DEVICE - INJECTION (Batch: ASSA1901, Supplier: SHRINATH AGENCIES)', 0, '0000-00-00', 132.00),
(173, 'E COD PLUS', 'ALLOPATHIC - CAPSULE (Batch: ABCD1252, Supplier: MAHADEV AGENCIES)', 0, '0000-00-00', 144.00),
(174, 'EASYFIX', 'SURGICAL - OINTMENT (Batch: H61E275, Supplier: K.P DISTRIBUTORS)', 0, '0000-00-00', 156.00),
(175, 'EBEXID', 'AYURVEDIC - CREAM (Batch: F2644RS, Supplier: KARWA PHARMACEUTICALS)', 0, '0000-00-00', 168.00),
(176, 'ECOSPRIN 75', 'HOMEOPATHIC - SYRUP (Batch: B1254WE, Supplier: ANAND SURGI PHARMA)', 0, '0000-00-00', 180.00),
(177, 'ECOSPRIN GOLD 10', 'DEVICE - GEL (Batch: 21425Q20, Supplier: MAHAVIR MEDICAL AGENCIES)', 0, '0000-00-00', 192.00),
(178, 'ECOTAS BV CAPS', 'ALLOPATHIC - TABLET (Batch: 2214034AE, Supplier: NARENDRA PHARMA)', 0, '0000-00-00', 204.00),
(179, 'EGGTORR TAB', 'SURGICAL - INJECTION (Batch: 25474NHRE18, Supplier: HEM PHARMA)', 0, '0000-00-00', 216.00),
(180, 'EGOLIX 150 MG TAB', 'AYURVEDIC - CAPSULE (Batch: ASCA124A, Supplier: RAHUL ENTERPRISES)', 0, '0000-00-00', 228.00),
(181, 'EGOLIX 200 MG', 'HOMEOPATHIC - OINTMENT (Batch: DASA1258, Supplier: KACHOLIYA MEDICAL AGENCIES)', 0, '0000-00-00', 240.00),
(182, 'ELECTRAL POWDER', 'DEVICE - CREAM (Batch: ASSA1902, Supplier: SHRINATH AGENCIES)', 0, '0000-00-00', 252.00),
(183, 'EMANZEN FORTE', 'ALLOPATHIC - SYRUP (Batch: ABCD1253, Supplier: MAHADEV AGENCIES)', 0, '0000-00-00', 264.00),
(184, 'EMESET INJ', 'SURGICAL - GEL (Batch: H61E276, Supplier: K.P DISTRIBUTORS)', 0, '0000-00-00', 276.00),
(185, 'ENCORE MICRO 6', 'AYURVEDIC - TABLET (Batch: F2644RS, Supplier: KARWA PHARMACEUTICALS)', 0, '0000-00-00', 288.00),
(186, 'ENCORE MICRO 7', 'HOMEOPATHIC - INJECTION (Batch: B1254WE, Supplier: ANAND SURGI PHARMA)', 0, '0000-00-00', 300.00),
(187, 'ENCORE MICRO 7.5', 'DEVICE - CAPSULE (Batch: 21425Q21, Supplier: MAHAVIR MEDICAL AGENCIES)', 0, '0000-00-00', 312.00),
(188, 'ENDOPLANT TAB 25 MG', 'ALLOPATHIC - OINTMENT (Batch: 2214034AE, Supplier: NARENDRA PHARMA)', 0, '0000-00-00', 324.00),
(189, 'ENDOTRACHEAL TUBE 6.0 NO', 'SURGICAL - CREAM (Batch: 25474NHRE19, Supplier: HEM PHARMA)', 0, '0000-00-00', 336.00),
(190, 'ENDOTRACHEAL TUBE 6.5', 'AYURVEDIC - SYRUP (Batch: ASCA124A, Supplier: RAHUL ENTERPRISES)', 0, '0000-00-00', 348.00),
(191, 'ENDOTRACHEAL TUBE 7', 'HOMEOPATHIC - GEL (Batch: DASA1259, Supplier: KACHOLIYA MEDICAL AGENCIES)', 0, '0000-00-00', 360.00),
(192, 'ENDOTRACHEAL TUBE 7.5', 'DEVICE - TABLET (Batch: ASSA1903, Supplier: SHRINATH AGENCIES)', 0, '0000-00-00', 372.00),
(193, 'EPIDOSIN INJ', 'ALLOPATHIC - INJECTION (Batch: ABCD1254, Supplier: MAHADEV AGENCIES)', 0, '0000-00-00', 384.00),
(194, 'EPSOLIN 50 MG INJ', 'SURGICAL - CAPSULE (Batch: H61E277, Supplier: K.P DISTRIBUTORS)', 0, '0000-00-00', 396.00),
(195, 'ESTRABET 2 MG TAB', 'AYURVEDIC - OINTMENT (Batch: F2644RS, Supplier: KARWA PHARMACEUTICALS)', 0, '0000-00-00', 408.00),
(196, 'ETHILON 1 -3348', 'HOMEOPATHIC - CREAM (Batch: B1254WE, Supplier: ANAND SURGI PHARMA)', 0, '0000-00-00', 420.00),
(197, 'ETHILON 1 NW 3338', 'DEVICE - SYRUP (Batch: 21425Q22, Supplier: MAHAVIR MEDICAL AGENCIES)', 0, '0000-00-00', 432.00),
(198, 'ETHILON 2-0 NW 3336', 'ALLOPATHIC - GEL (Batch: 2214034AE, Supplier: NARENDRA PHARMA)', 0, '0000-00-00', 444.00),
(199, 'ETHILON 3-0 NW 3321', 'SURGICAL - TABLET (Batch: 25474NHRE20, Supplier: HEM PHARMA)', 0, '0000-00-00', 456.00),
(200, 'ETHILON 4.0 3319', 'AYURVEDIC - INJECTION (Batch: ASCA124A, Supplier: RAHUL ENTERPRISES)', 0, '0000-00-00', 468.00),
(201, 'EUREPA V 0.5/0.3', 'HOMEOPATHIC - CAPSULE (Batch: DASA1260, Supplier: KACHOLIYA MEDICAL AGENCIES)', 0, '0000-00-00', 480.00),
(202, 'EV', 'DEVICE - OINTMENT (Batch: ASSA1904, Supplier: SHRINATH AGENCIES)', 0, '0000-00-00', 492.00),
(203, 'EVAKIND SYRUP', 'ALLOPATHIC - CREAM (Batch: ABCD1255, Supplier: MAHADEV AGENCIES)', 0, '0000-00-00', 504.00),
(204, 'EVALON CREAM', 'SURGICAL - SYRUP (Batch: H61E278, Supplier: K.P DISTRIBUTORS)', 0, '0000-00-00', 660.00),
(205, 'EVION 400 CAP', 'AYURVEDIC - GEL (Batch: F2644RS, Supplier: KARWA PHARMACEUTICALS)', 0, '0000-00-00', 540.00),
(206, 'EXAMINATION GLOVES', 'HOMEOPATHIC - TABLET (Batch: B1254WE, Supplier: ANAND SURGI PHARMA)', 0, '0000-00-00', 408.00),
(207, 'FAA 20', 'DEVICE - INJECTION (Batch: 21425Q23, Supplier: MAHAVIR MEDICAL AGENCIES)', 0, '0000-00-00', 264.00),
(208, 'FACE MASK DISPOSABLE', 'ALLOPATHIC - CAPSULE (Batch: 2214034AE, Supplier: NARENDRA PHARMA)', 0, '0000-00-00', 144.00),
(209, 'FALCIGO 120 MG INJ', 'SURGICAL - OINTMENT (Batch: 25474NHRE21, Supplier: HEM PHARMA)', 0, '0000-00-00', 6.00),
(210, 'FECONTIN Z', 'AYURVEDIC - CREAM (Batch: ASCA124A, Supplier: RAHUL ENTERPRISES)', 0, '0000-00-00', 8.40),
(211, 'FEMIPLEX TAB.', 'HOMEOPATHIC - SYRUP (Batch: DASA1261, Supplier: KACHOLIYA MEDICAL AGENCIES)', 0, '0000-00-00', 10.80),
(212, 'FENZA 600', 'DEVICE - GEL (Batch: ASSA1905, Supplier: SHRINATH AGENCIES)', 0, '0000-00-00', 13.20),
(213, 'FERINJECT 500 MG INJ', 'ALLOPATHIC - TABLET (Batch: ABCD1256, Supplier: MAHADEV AGENCIES)', 0, '0000-00-00', 15.60),
(214, 'FERIUM CHEWABLE 100 MG TAB', 'SURGICAL - INJECTION (Batch: H61E279, Supplier: K.P DISTRIBUTORS)', 0, '0000-00-00', 18.00),
(215, 'FERIUM XT TAB', 'AYURVEDIC - CAPSULE (Batch: F2644RS, Supplier: KARWA PHARMACEUTICALS)', 0, '0000-00-00', 20.40),
(216, 'FERTIN-D TAB', 'HOMEOPATHIC - OINTMENT (Batch: B1254WE, Supplier: ANAND SURGI PHARMA)', 0, '0000-00-00', 22.80),
(217, 'FERTISURE M', 'DEVICE - CREAM (Batch: 21425Q24, Supplier: MAHAVIR MEDICAL AGENCIES)', 0, '0000-00-00', 25.20),
(218, 'FERTYL 50', 'ALLOPATHIC - SYRUP (Batch: 2214034AE, Supplier: NARENDRA PHARMA)', 0, '0000-00-00', 27.60),
(219, 'FERTYL M 25', 'SURGICAL - GEL (Batch: 25474NHRE22, Supplier: HEM PHARMA)', 0, '0000-00-00', 30.00),
(220, 'FERTYL SUPER 100', 'AYURVEDIC - TABLET (Batch: ASCA124A, Supplier: RAHUL ENTERPRISES)', 0, '0000-00-00', 32.40),
(221, 'FLATUNA', 'HOMEOPATHIC - INJECTION (Batch: DASA1262, Supplier: KACHOLIYA MEDICAL AGENCIES)', 0, '0000-00-00', 34.80),
(222, 'FLAVOSPAS', 'DEVICE - CAPSULE (Batch: ASSA1906, Supplier: SHRINATH AGENCIES)', 0, '0000-00-00', 37.20),
(223, 'FLEXURA D', 'ALLOPATHIC - OINTMENT (Batch: ABCD1257, Supplier: MAHADEV AGENCIES)', 0, '0000-00-00', 39.60),
(224, 'FLUDAC 20', 'SURGICAL - CREAM (Batch: H61E280, Supplier: K.P DISTRIBUTORS)', 0, '0000-00-00', 42.00),
(225, 'FOL 123 MF', 'AYURVEDIC - SYRUP (Batch: F2644RS, Supplier: KARWA PHARMACEUTICALS)', 0, '0000-00-00', 44.40),
(226, 'FOL 5', 'HOMEOPATHIC - GEL (Batch: B1254WE, Supplier: ANAND SURGI PHARMA)', 0, '0000-00-00', 46.80),
(227, 'FOLEYS CATHATER NO 8', 'DEVICE - TABLET (Batch: 21425Q25, Supplier: MAHAVIR MEDICAL AGENCIES)', 0, '0000-00-00', 49.20),
(228, 'FOLEYS CATHETER NO 10', 'ALLOPATHIC - INJECTION (Batch: 2214034AE, Supplier: NARENDRA PHARMA)', 0, '0000-00-00', 51.60),
(229, 'FOLEYS CATHETER NO 14', 'SURGICAL - CAPSULE (Batch: 25474NHRE23, Supplier: HEM PHARMA)', 0, '0000-00-00', 54.00),
(230, 'FOLEYS CATHETER NO 16', 'AYURVEDIC - OINTMENT (Batch: ASCA124A, Supplier: RAHUL ENTERPRISES)', 0, '0000-00-00', 56.40),
(231, 'FOLEYS CATHETER NO 18', 'HOMEOPATHIC - CREAM (Batch: DASA1263, Supplier: KACHOLIYA MEDICAL AGENCIES)', 0, '0000-00-00', 58.80),
(232, 'FOLEYS CATHETER NO 22', 'DEVICE - SYRUP (Batch: ASSA1907, Supplier: SHRINATH AGENCIES)', 0, '0000-00-00', 61.20),
(233, 'FOLINAL PLUS', 'ALLOPATHIC - GEL (Batch: ABCD1258, Supplier: MAHADEV AGENCIES)', 0, '0000-00-00', 63.60),
(234, 'FOLITRAX 50 MG INJ', 'SURGICAL - TABLET (Batch: H61E281, Supplier: K.P DISTRIBUTORS)', 0, '0000-00-00', 66.00),
(235, 'FORACORT 0.5 RESPULES', 'AYURVEDIC - INJECTION (Batch: F2644RS, Supplier: KARWA PHARMACEUTICALS)', 0, '0000-00-00', 68.40),
(236, 'FORTACEF INJ 1 GM', 'HOMEOPATHIC - CAPSULE (Batch: B1254WE, Supplier: ANAND SURGI PHARMA)', 0, '0000-00-00', 70.80),
(237, 'FORZEST 20', 'DEVICE - OINTMENT (Batch: 21425Q26, Supplier: MAHAVIR MEDICAL AGENCIES)', 0, '0000-00-00', 73.20),
(238, 'FUCIBET CREAM', 'ALLOPATHIC - CREAM (Batch: 2214034AE, Supplier: NARENDRA PHARMA)', 0, '0000-00-00', 75.60),
(239, 'FUCIDIN CREAM', 'SURGICAL - SYRUP (Batch: 25474NHRE24, Supplier: HEM PHARMA)', 0, '0000-00-00', 78.00),
(240, 'G-DRESS 30 MM', 'AYURVEDIC - GEL (Batch: ASCA124A, Supplier: RAHUL ENTERPRISES)', 0, '0000-00-00', 80.40),
(241, 'GARDASIL *9 PFS INJ', 'HOMEOPATHIC - TABLET (Batch: DASA1264, Supplier: KACHOLIYA MEDICAL AGENCIES)', 0, '0000-00-00', 82.80),
(242, 'GASEX', 'DEVICE - INJECTION (Batch: ASSA1908, Supplier: SHRINATH AGENCIES)', 0, '0000-00-00', 85.20),
(243, 'GELUSIL MPS', 'ALLOPATHIC - CAPSULE (Batch: ABCD1259, Supplier: MAHADEV AGENCIES)', 0, '0000-00-00', 87.60),
(244, 'GELUSIL MPS LIQUID', 'SURGICAL - OINTMENT (Batch: H61E282, Supplier: K.P DISTRIBUTORS)', 0, '0000-00-00', 90.00),
(245, 'GEMER 2', 'AYURVEDIC - CREAM (Batch: F2644RS, Supplier: KARWA PHARMACEUTICALS)', 0, '0000-00-00', 92.40),
(246, 'GENTICYN 80 MG INJ', 'HOMEOPATHIC - SYRUP (Batch: B1254WE, Supplier: ANAND SURGI PHARMA)', 0, '0000-00-00', 94.80),
(247, 'GESTOFIT 200 MG SR TAB', 'DEVICE - GEL (Batch: 21425Q27, Supplier: MAHAVIR MEDICAL AGENCIES)', 0, '0000-00-00', 97.20),
(248, 'GLIMISAVE M 0.5', 'ALLOPATHIC - TABLET (Batch: 2214034AE, Supplier: NARENDRA PHARMA)', 0, '0000-00-00', 99.60),
(249, 'GLIMISAVE M 2', 'SURGICAL - INJECTION (Batch: 25474NHRE25, Supplier: HEM PHARMA)', 0, '0000-00-00', 102.00),
(250, 'GLOVES NO 6', 'AYURVEDIC - CAPSULE (Batch: ASCA124A, Supplier: RAHUL ENTERPRISES)', 0, '0000-00-00', 104.40),
(251, 'GLOVES NO 6.5', 'HOMEOPATHIC - OINTMENT (Batch: DASA1265, Supplier: KACHOLIYA MEDICAL AGENCIES)', 0, '0000-00-00', 106.80),
(252, 'GLOVES NO 7', 'DEVICE - CREAM (Batch: ASSA1909, Supplier: SHRINATH AGENCIES)', 0, '0000-00-00', 109.20),
(253, 'GLOVES NO 7.5', 'ALLOPATHIC - SYRUP (Batch: ABCD1260, Supplier: MAHADEV AGENCIES)', 0, '0000-00-00', 111.60),
(254, 'GLOVES POWDER FREE 6.', 'SURGICAL - GEL (Batch: H61E283, Supplier: K.P DISTRIBUTORS)', 0, '0000-00-00', 114.00),
(255, 'GLUCON D ORANGE', 'AYURVEDIC - TABLET (Batch: F2644RS, Supplier: KARWA PHARMACEUTICALS)', 0, '0000-00-00', 116.40),
(256, 'GLUCON D REGULAR', 'HOMEOPATHIC - INJECTION (Batch: B1254WE, Supplier: ANAND SURGI PHARMA)', 0, '0000-00-00', 118.80),
(257, 'GLUCOSE D REGULAR', 'DEVICE - CAPSULE (Batch: 21425Q28, Supplier: MAHAVIR MEDICAL AGENCIES)', 0, '0000-00-00', 121.20),
(258, 'GLYCINE 1.5%', 'ALLOPATHIC - OINTMENT (Batch: 2214034AE, Supplier: NARENDRA PHARMA)', 0, '0000-00-00', 123.60),
(259, 'GRD BISCUITS', 'SURGICAL - CREAM (Batch: 25474NHRE26, Supplier: HEM PHARMA)', 0, '0000-00-00', 126.00),
(260, 'GYARGIN POWDER 5 GM', 'AYURVEDIC - SYRUP (Batch: ASCA124A, Supplier: RAHUL ENTERPRISES)', 0, '0000-00-00', 128.40),
(261, 'HAEM UP PLUS LIQUID', 'HOMEOPATHIC - GEL (Batch: DASA1266, Supplier: KACHOLIYA MEDICAL AGENCIES)', 0, '0000-00-00', 130.80),
(262, 'HAND SANITIZER 100ML', 'DEVICE - TABLET (Batch: ASSA1910, Supplier: SHRINATH AGENCIES)', 0, '0000-00-00', 133.20),
(263, 'HB DAILY TAB', 'ALLOPATHIC - INJECTION (Batch: ABCD1261, Supplier: MAHADEV AGENCIES)', 0, '0000-00-00', 135.60),
(264, 'HEATING PAD', 'SURGICAL - CAPSULE (Batch: H61E284, Supplier: K.P DISTRIBUTORS)', 0, '0000-00-00', 138.00),
(265, 'HEMSYL 250', 'AYURVEDIC - OINTMENT (Batch: F2644RS, Supplier: KARWA PHARMACEUTICALS)', 0, '0000-00-00', 140.40),
(266, 'HEMSYL 500', 'HOMEOPATHIC - CREAM (Batch: B1254WE, Supplier: ANAND SURGI PHARMA)', 0, '0000-00-00', 142.80),
(267, 'HERNAFIL', 'DEVICE - SYRUP (Batch: 21425Q29, Supplier: MAHAVIR MEDICAL AGENCIES)', 0, '0000-00-00', 145.20),
(268, 'HEYFORTE PLUS', 'ALLOPATHIC - GEL (Batch: 2214034AE, Supplier: NARENDRA PHARMA)', 0, '0000-00-00', 147.60),
(269, 'HIMALAYA BABY SOAP 75 GM', 'SURGICAL - TABLET (Batch: 25474NHRE27, Supplier: HEM PHARMA)', 0, '0000-00-00', 150.00),
(270, 'HIMALAYA BABY WIPES', 'AYURVEDIC - INJECTION (Batch: ASCA124A, Supplier: RAHUL ENTERPRISES)', 0, '0000-00-00', 152.40),
(271, 'HIMALAYA BABY WIPES SMALL', 'HOMEOPATHIC - CAPSULE (Batch: DASA1267, Supplier: KACHOLIYA MEDICAL AGENCIES)', 0, '0000-00-00', 154.80),
(272, 'HME FILTER', 'DEVICE - OINTMENT (Batch: ASSA1911, Supplier: SHRINATH AGENCIES)', 0, '0000-00-00', 157.20),
(273, 'HYDROCORT 100MG INJ', 'ALLOPATHIC - CREAM (Batch: ABCD1262, Supplier: MAHADEV AGENCIES)', 0, '0000-00-00', 159.60),
(274, 'HYNIDASE INJ', 'SURGICAL - SYRUP (Batch: H61E285, Supplier: K.P DISTRIBUTORS)', 0, '0000-00-00', 162.00),
(275, 'INFANT FEEDING TUBE 5G', 'AYURVEDIC - GEL (Batch: F2644RS, Supplier: KARWA PHARMACEUTICALS)', 0, '0000-00-00', 164.40),
(276, 'INFANT FEEDING TUBE NO 8', 'HOMEOPATHIC - TABLET (Batch: B1254WE, Supplier: ANAND SURGI PHARMA)', 0, '0000-00-00', 166.80),
(277, 'INFUSION SET', 'DEVICE - INJECTION (Batch: 21425Q30, Supplier: MAHAVIR MEDICAL AGENCIES)', 0, '0000-00-00', 169.20),
(278, 'INNOVA PLAST 1 MT X 10 CM', 'ALLOPATHIC - CAPSULE (Batch: 2214034AE, Supplier: NARENDRA PHARMA)', 0, '0000-00-00', 171.60),
(279, 'INNOVAPLAST 4 MT 10 CM', 'SURGICAL - OINTMENT (Batch: 25474NHRE28, Supplier: HEM PHARMA)', 0, '0000-00-00', 174.00),
(280, 'INSULIN SYRINGE 40 IU', 'AYURVEDIC - CREAM (Batch: ASCA124A, Supplier: RAHUL ENTERPRISES)', 0, '0000-00-00', 176.40),
(281, 'IROZORB PLUS', 'HOMEOPATHIC - SYRUP (Batch: DASA1268, Supplier: KACHOLIYA MEDICAL AGENCIES)', 0, '0000-00-00', 178.80),
(282, 'IROZORB PLUS TAB', 'DEVICE - GEL (Batch: ASSA1912, Supplier: SHRINATH AGENCIES)', 0, '0000-00-00', 181.20),
(283, 'IV SET', 'ALLOPATHIC - TABLET (Batch: ABCD1263, Supplier: MAHADEV AGENCIES)', 0, '0000-00-00', 183.60),
(284, 'JALRA TRIO TAB (10/50/500)', 'SURGICAL - INJECTION (Batch: H61E286, Supplier: K.P DISTRIBUTORS)', 0, '0000-00-00', 186.00),
(285, 'JONAC GEL', 'AYURVEDIC - CAPSULE (Batch: F2644RS, Supplier: KARWA PHARMACEUTICALS)', 0, '0000-00-00', 188.40),
(286, 'JONAC SUPOO ADULT 100', 'HOMEOPATHIC - OINTMENT (Batch: B1254WE, Supplier: ANAND SURGI PHARMA)', 0, '0000-00-00', 190.80),
(287, 'K Y JELLY', 'DEVICE - CREAM (Batch: 21425Q31, Supplier: MAHAVIR MEDICAL AGENCIES)', 0, '0000-00-00', 193.20),
(288, 'KARVOL PLUS CAP', 'ALLOPATHIC - SYRUP (Batch: 2214034AE, Supplier: NARENDRA PHARMA)', 0, '0000-00-00', 195.60),
(289, 'KENADION 1 INJ 0.5', 'SURGICAL - GEL (Batch: 25474NHRE29, Supplier: HEM PHARMA)', 0, '0000-00-00', 198.00),
(290, 'LABLOL INJ 4 ML', 'AYURVEDIC - TABLET (Batch: ASCA124A, Supplier: RAHUL ENTERPRISES)', 0, '0000-00-00', 200.40),
(291, 'LABLOL TAB 100MG', 'HOMEOPATHIC - INJECTION (Batch: DASA1269, Supplier: KACHOLIYA MEDICAL AGENCIES)', 0, '0000-00-00', 202.80),
(292, 'LACTARE', 'DEVICE - CAPSULE (Batch: ASSA1913, Supplier: SHRINATH AGENCIES)', 0, '0000-00-00', 205.20),
(293, 'LACTIHEP PLUS SYRUP', 'ALLOPATHIC - OINTMENT (Batch: ABCD1264, Supplier: MAHADEV AGENCIES)', 0, '0000-00-00', 207.60),
(294, 'LARIAGO DS 500', 'SURGICAL - CREAM (Batch: H61E287, Supplier: K.P DISTRIBUTORS)', 0, '0000-00-00', 210.00),
(295, 'LASIX INJ', 'AYURVEDIC - SYRUP (Batch: F2644RS, Supplier: KARWA PHARMACEUTICALS)', 0, '0000-00-00', 212.40),
(296, 'LEPTADEN', 'HOMEOPATHIC - GEL (Batch: B1254WE, Supplier: ANAND SURGI PHARMA)', 0, '0000-00-00', 214.80),
(297, 'LETROZ 2.5', 'DEVICE - TABLET (Batch: 21425Q32, Supplier: MAHAVIR MEDICAL AGENCIES)', 0, '0000-00-00', 217.20),
(298, 'LEVO ANAWIN HEAVY 4ML INJ', 'ALLOPATHIC - INJECTION (Batch: 2214034AE, Supplier: NARENDRA PHARMA)', 0, '0000-00-00', 219.60),
(299, 'LEVOFLOX 500 INFUSION', 'SURGICAL - CAPSULE (Batch: 25474NHRE30, Supplier: HEM PHARMA)', 0, '0000-00-00', 222.00),
(300, 'LIMCEE 500', 'AYURVEDIC - OINTMENT (Batch: ASCA124A, Supplier: RAHUL ENTERPRISES)', 0, '0000-00-00', 224.40),
(301, 'LINAXA TAB', 'HOMEOPATHIC - CREAM (Batch: DASA1270, Supplier: KACHOLIYA MEDICAL AGENCIES)', 0, '0000-00-00', 226.80),
(302, 'LINEATOR PLUS SACHET', 'DEVICE - SYRUP (Batch: ASSA1914, Supplier: SHRINATH AGENCIES)', 0, '0000-00-00', 229.20),
(303, 'LIPIROSE AS 20 TAB', 'ALLOPATHIC - GEL (Batch: ABCD1265, Supplier: MAHADEV AGENCIES)', 0, '0000-00-00', 231.60),
(304, 'LITHOSUN SR 400', 'SURGICAL - TABLET (Batch: H61E288, Supplier: K.P DISTRIBUTORS)', 0, '0000-00-00', 234.00),
(305, 'LIV 52', 'AYURVEDIC - INJECTION (Batch: F2644RS, Supplier: KARWA PHARMACEUTICALS)', 0, '0000-00-00', 236.40),
(306, 'LIVOFLOX 500MG INJ', 'HOMEOPATHIC - CAPSULE (Batch: B1254WE, Supplier: ANAND SURGI PHARMA)', 0, '0000-00-00', 238.80),
(307, 'LIVOGEN', 'DEVICE - OINTMENT (Batch: 21425Q33, Supplier: MAHAVIR MEDICAL AGENCIES)', 0, '0000-00-00', 241.20),
(308, 'LIVOGEN Z', 'ALLOPATHIC - CREAM (Batch: 2214034AE, Supplier: NARENDRA PHARMA)', 0, '0000-00-00', 243.60),
(309, 'LOMOTIL', 'SURGICAL - SYRUP (Batch: 25474NHRE31, Supplier: HEM PHARMA)', 0, '0000-00-00', 246.00),
(310, 'LOMOVIAN INJ 20MG', 'AYURVEDIC - GEL (Batch: ASCA124A, Supplier: RAHUL ENTERPRISES)', 0, '0000-00-00', 248.40),
(311, 'LONOPIN 20 MG INJ', 'HOMEOPATHIC - TABLET (Batch: DASA1271, Supplier: KACHOLIYA MEDICAL AGENCIES)', 0, '0000-00-00', 250.80),
(312, 'LONOPIN 40 MG INJ', 'DEVICE - INJECTION (Batch: ASSA1915, Supplier: SHRINATH AGENCIES)', 0, '0000-00-00', 253.20),
(313, 'LONOPIN PEN', 'ALLOPATHIC - CAPSULE (Batch: ABCD1266, Supplier: MAHADEV AGENCIES)', 0, '0000-00-00', 255.60),
(314, 'LOX 2% INJ', 'SURGICAL - OINTMENT (Batch: H61E289, Supplier: K.P DISTRIBUTORS)', 0, '0000-00-00', 258.00),
(315, 'LOX 2% JELLY', 'AYURVEDIC - CREAM (Batch: F2644RS, Supplier: KARWA PHARMACEUTICALS)', 0, '0000-00-00', 260.40),
(316, 'LOX WITH ADERNALINE INJ', 'HOMEOPATHIC - SYRUP (Batch: B1254WE, Supplier: ANAND SURGI PHARMA)', 0, '0000-00-00', 262.80),
(317, 'LUCIARA CREAM', 'DEVICE - GEL (Batch: 21425Q34, Supplier: MAHAVIR MEDICAL AGENCIES)', 0, '0000-00-00', 265.20),
(318, 'LUMIA 60 K', 'ALLOPATHIC - TABLET (Batch: 2214034AE, Supplier: NARENDRA PHARMA)', 0, '0000-00-00', 267.60),
(319, 'LUPRIDE DEPOT 3.75 INJ', 'SURGICAL - INJECTION (Batch: 25474NHRE32, Supplier: HEM PHARMA)', 0, '0000-00-00', 270.00),
(320, 'LUPRODEX 375 INJ', 'AYURVEDIC - CAPSULE (Batch: ASCA124A, Supplier: RAHUL ENTERPRISES)', 0, '0000-00-00', 272.40),
(321, 'LYSER D', 'HOMEOPATHIC - OINTMENT (Batch: DASA1272, Supplier: KACHOLIYA MEDICAL AGENCIES)', 0, '0000-00-00', 274.80),
(322, 'M2 TONE SYRUP', 'DEVICE - CREAM (Batch: ASSA1916, Supplier: SHRINATH AGENCIES)', 0, '0000-00-00', 277.20),
(323, 'M2 TONE TAB', 'ALLOPATHIC - SYRUP (Batch: ABCD1267, Supplier: MAHADEV AGENCIES)', 0, '0000-00-00', 279.60),
(324, 'MACFOLATE ACTIVE TAB', 'SURGICAL - GEL (Batch: H61E290, Supplier: K.P DISTRIBUTORS)', 0, '0000-00-00', 282.00),
(325, 'MAGNESIUM SULPHATE INJ', 'AYURVEDIC - TABLET (Batch: F2644RS, Supplier: KARWA PHARMACEUTICALS)', 0, '0000-00-00', 284.40),
(326, 'MAHANARAYAN TEL', 'HOMEOPATHIC - INJECTION (Batch: B1254WE, Supplier: ANAND SURGI PHARMA)', 0, '0000-00-00', 286.80),
(327, 'MAHANARAYAN TEL (183)', 'DEVICE - CAPSULE (Batch: 21425Q35, Supplier: MAHAVIR MEDICAL AGENCIES)', 0, '0000-00-00', 289.20),
(328, 'MAMY POKO PANTS LARGE', 'ALLOPATHIC - OINTMENT (Batch: 2214034AE, Supplier: NARENDRA PHARMA)', 0, '0000-00-00', 291.60),
(329, 'MAMY POKO PANTS NB 8 PC', 'SURGICAL - CREAM (Batch: 25474NHRE33, Supplier: HEM PHARMA)', 0, '0000-00-00', 294.00),
(330, 'MAMY POKO PANTS NEW BORN BABY', 'AYURVEDIC - SYRUP (Batch: ASCA124A, Supplier: RAHUL ENTERPRISES)', 0, '0000-00-00', 296.40),
(331, 'MAMY POKO PANTS NEWBORN 4 PC', 'HOMEOPATHIC - GEL (Batch: DASA1273, Supplier: KACHOLIYA MEDICAL AGENCIES)', 0, '0000-00-00', 298.80),
(332, 'MATERNITY PADS 9 PC', 'DEVICE - TABLET (Batch: ASSA1917, Supplier: SHRINATH AGENCIES)', 0, '0000-00-00', 301.20),
(333, 'MAX FE', 'ALLOPATHIC - INJECTION (Batch: ABCD1268, Supplier: MAHADEV AGENCIES)', 0, '0000-00-00', 303.60),
(334, 'MAXOZA L SACHET', 'SURGICAL - CAPSULE (Batch: H61E291, Supplier: K.P DISTRIBUTORS)', 0, '0000-00-00', 306.00),
(335, 'MCT-ROF INJ 20 ML', 'AYURVEDIC - OINTMENT (Batch: F2644RS, Supplier: KARWA PHARMACEUTICALS)', 0, '0000-00-00', 308.40),
(336, 'MECGLA', 'HOMEOPATHIC - CREAM (Batch: B1254WE, Supplier: ANAND SURGI PHARMA)', 0, '0000-00-00', 310.80),
(337, 'MEFTAL SPAS', 'DEVICE - SYRUP (Batch: 21425Q36, Supplier: MAHAVIR MEDICAL AGENCIES)', 0, '0000-00-00', 313.20),
(338, 'MEM INJ', 'ALLOPATHIC - GEL (Batch: 2214034AE, Supplier: NARENDRA PHARMA)', 0, '0000-00-00', 315.60),
(339, 'MENOPACE PLUS', 'SURGICAL - TABLET (Batch: 25474NHRE34, Supplier: HEM PHARMA)', 0, '0000-00-00', 318.00),
(340, 'MEPRATE 10', 'AYURVEDIC - INJECTION (Batch: ASCA124A, Supplier: RAHUL ENTERPRISES)', 0, '0000-00-00', 320.40),
(341, 'MERSILK 3.0 5085', 'HOMEOPATHIC - CAPSULE (Batch: DASA1274, Supplier: KACHOLIYA MEDICAL AGENCIES)', 0, '0000-00-00', 322.80),
(342, 'METHERGIN', 'DEVICE - OINTMENT (Batch: ASSA1918, Supplier: SHRINATH AGENCIES)', 0, '0000-00-00', 325.20),
(343, 'METHYLENE BLUE INJ', 'ALLOPATHIC - CREAM (Batch: ABCD1269, Supplier: MAHADEV AGENCIES)', 0, '0000-00-00', 327.60),
(344, 'METOLAR 1 MG INJ', 'SURGICAL - SYRUP (Batch: H61E292, Supplier: K.P DISTRIBUTORS)', 0, '0000-00-00', 330.00),
(345, 'METPCOCARE', 'AYURVEDIC - GEL (Batch: F2644RS, Supplier: KARWA PHARMACEUTICALS)', 0, '0000-00-00', 332.40),
(346, 'METROGYL 400', 'HOMEOPATHIC - TABLET (Batch: B1254WE, Supplier: ANAND SURGI PHARMA)', 0, '0000-00-00', 334.80),
(347, 'METROKAP 100 ML', 'DEVICE - INJECTION (Batch: 21425Q37, Supplier: MAHAVIR MEDICAL AGENCIES)', 0, '0000-00-00', 337.20),
(348, 'MEZOLAM INJ 5 ML', 'ALLOPATHIC - CAPSULE (Batch: 2214034AE, Supplier: NARENDRA PHARMA)', 0, '0000-00-00', 339.60),
(349, 'MIKACIN 500 MG INJ', 'SURGICAL - OINTMENT (Batch: 25474NHRE35, Supplier: HEM PHARMA)', 0, '0000-00-00', 342.00),
(350, 'MILICAL OD3', 'AYURVEDIC - CREAM (Batch: ASCA124A, Supplier: RAHUL ENTERPRISES)', 0, '0000-00-00', 344.40),
(351, 'MINIPACK SYSTEM 16 G', 'HOMEOPATHIC - SYRUP (Batch: DASA1275, Supplier: KACHOLIYA MEDICAL AGENCIES)', 0, '0000-00-00', 346.80),
(352, 'MOJOBOOST 10 MG TAB', 'DEVICE - GEL (Batch: ASSA1919, Supplier: SHRINATH AGENCIES)', 0, '0000-00-00', 349.20),
(353, 'MOJOBOOST 5 MG TAB', 'ALLOPATHIC - TABLET (Batch: ABCD1270, Supplier: MAHADEV AGENCIES)', 0, '0000-00-00', 351.60),
(354, 'MONOCEF 1 GM INJ', 'SURGICAL - INJECTION (Batch: H61E293, Supplier: K.P DISTRIBUTORS)', 0, '0000-00-00', 354.00),
(355, 'MONOCEF 250 MG INJ', 'AYURVEDIC - CAPSULE (Batch: F2644RS, Supplier: KARWA PHARMACEUTICALS)', 0, '0000-00-00', 356.40),
(356, 'CROCIN', 'SURGICAL - INJECTION (Batch: H61E258, Supplier: 0)', 7, '0000-00-00', 84.00),
(357, 'DEF', 'ALLOPATHIC - INJECTION (Batch: ABCD1235, Supplier: 0)', 67, '0000-00-00', 67.20),
(358, 'TAB56', 'ALLOPATHIC - INJECTION (Batch: AE6785, Supplier: 0)', 56, '0000-00-00', 0.05),
(359, 'm', 'ALLOPATHIC - INJECTION (Batch: ABCD1235, Supplier: 0)', 8, '0000-00-00', 2.40);

-- --------------------------------------------------------

--
-- Table structure for table `sales`
--

CREATE TABLE `sales` (
  `sale_id` int(11) NOT NULL,
  `customer_id` int(11) DEFAULT NULL,
  `user_id` int(11) DEFAULT NULL,
  `total_amount` decimal(10,2) DEFAULT NULL,
  `platform_fee` decimal(10,2) DEFAULT 0.00,
  `created_at` timestamp NOT NULL DEFAULT current_timestamp()
) ENGINE=InnoDB DEFAULT CHARSET=utf8mb4 COLLATE=utf8mb4_general_ci;

--
-- Dumping data for table `sales`
--

INSERT INTO `sales` (`sale_id`, `customer_id`, `user_id`, `total_amount`, `platform_fee`, `created_at`) VALUES
(23, NULL, NULL, 117.00, 0.00, '2025-08-27 13:49:09'),
(24, NULL, NULL, 117.00, 0.00, '2025-08-27 13:49:51'),
(25, NULL, NULL, 117.00, 0.00, '2025-08-27 13:52:48'),
(26, NULL, NULL, 122.00, 0.00, '2025-08-27 13:55:46'),
(27, NULL, NULL, 52.00, 0.00, '2025-08-27 13:56:22'),
(28, NULL, NULL, 239.00, 0.00, '2025-08-27 15:34:53'),
(29, NULL, NULL, 533.00, 0.00, '2025-08-27 15:38:54'),
(30, NULL, NULL, 187.00, 0.00, '2025-08-31 17:26:21'),
(31, NULL, NULL, 41.00, 0.00, '2025-08-31 17:26:56');

-- --------------------------------------------------------

--
-- Table structure for table `sales_items`
--

CREATE TABLE `sales_items` (
  `sale_item_id` int(11) NOT NULL,
  `sale_id` int(11) NOT NULL,
  `item_id` int(11) NOT NULL,
  `quantity` int(11) NOT NULL,
  `price` decimal(10,2) NOT NULL
) ENGINE=InnoDB DEFAULT CHARSET=utf8mb4 COLLATE=utf8mb4_general_ci;

--
-- Dumping data for table `sales_items`
--

INSERT INTO `sales_items` (`sale_item_id`, `sale_id`, `item_id`, `quantity`, `price`) VALUES
(12, 1, 1, 1, 52.00),
(13, 21, 1, 1, 52.00),
(14, 21, 3, 1, 65.00),
(15, 22, 3, 1, 65.00),
(16, 23, 1, 1, 52.00),
(17, 23, 3, 1, 65.00),
(18, 24, 1, 1, 52.00),
(19, 24, 3, 1, 65.00),
(20, 25, 1, 1, 52.00),
(21, 25, 3, 1, 65.00),
(22, 26, 1, 1, 52.00),
(23, 26, 367, 1, 70.00),
(24, 27, 1, 1, 52.00),
(25, 28, 1, 2, 52.00),
(26, 28, 3, 1, 65.00),
(27, 28, 367, 1, 70.00),
(28, 29, 1, 4, 52.00),
(29, 29, 3, 5, 65.00),
(30, 30, 1, 1, 52.00),
(31, 30, 3, 1, 65.00),
(32, 30, 4, 1, 70.00),
(33, 31, 371, 1, 41.00);

-- --------------------------------------------------------

--
-- Table structure for table `users`
--

CREATE TABLE `users` (
  `user_id` int(11) NOT NULL,
  `name` varchar(100) DEFAULT NULL,
  `email` varchar(100) DEFAULT NULL,
  `password` varchar(255) DEFAULT NULL,
  `role` enum('admin','pharmacist') DEFAULT 'pharmacist',
  `created_at` timestamp NOT NULL DEFAULT current_timestamp()
) ENGINE=InnoDB DEFAULT CHARSET=utf8mb4 COLLATE=utf8mb4_general_ci;

--
-- Indexes for dumped tables
--

--
-- Indexes for table `customers`
--
ALTER TABLE `customers`
  ADD PRIMARY KEY (`customer_id`);

--
-- Indexes for table `medicines`
--
ALTER TABLE `medicines`
  ADD PRIMARY KEY (`ItemID`);

--
-- Indexes for table `sales`
--
ALTER TABLE `sales`
  ADD PRIMARY KEY (`sale_id`),
  ADD KEY `customer_id` (`customer_id`),
  ADD KEY `user_id` (`user_id`);

--
-- Indexes for table `sales_items`
--
ALTER TABLE `sales_items`
  ADD PRIMARY KEY (`sale_item_id`),
  ADD KEY `sale_id` (`sale_id`),
  ADD KEY `item_id` (`item_id`);

--
-- Indexes for table `users`
--
ALTER TABLE `users`
  ADD PRIMARY KEY (`user_id`),
  ADD UNIQUE KEY `email` (`email`);

--
-- AUTO_INCREMENT for dumped tables
--

--
-- AUTO_INCREMENT for table `customers`
--
ALTER TABLE `customers`
  MODIFY `customer_id` int(11) NOT NULL AUTO_INCREMENT;

--
-- AUTO_INCREMENT for table `medicines`
--
ALTER TABLE `medicines`
  MODIFY `ItemID` int(11) NOT NULL AUTO_INCREMENT, AUTO_INCREMENT=360;

--
-- AUTO_INCREMENT for table `sales`
--
ALTER TABLE `sales`
  MODIFY `sale_id` int(11) NOT NULL AUTO_INCREMENT, AUTO_INCREMENT=32;

--
-- AUTO_INCREMENT for table `sales_items`
--
ALTER TABLE `sales_items`
  MODIFY `sale_item_id` int(11) NOT NULL AUTO_INCREMENT, AUTO_INCREMENT=34;

--
-- AUTO_INCREMENT for table `users`
--
ALTER TABLE `users`
  MODIFY `user_id` int(11) NOT NULL AUTO_INCREMENT;

--
-- Constraints for dumped tables
--

--
-- Constraints for table `sales`
--
ALTER TABLE `sales`
  ADD CONSTRAINT `sales_ibfk_1` FOREIGN KEY (`customer_id`) REFERENCES `customers` (`customer_id`),
  ADD CONSTRAINT `sales_ibfk_2` FOREIGN KEY (`user_id`) REFERENCES `users` (`user_id`);
COMMIT;

/*!40101 SET CHARACTER_SET_CLIENT=@OLD_CHARACTER_SET_CLIENT */;
/*!40101 SET CHARACTER_SET_RESULTS=@OLD_CHARACTER_SET_RESULTS */;
/*!40101 SET COLLATION_CONNECTION=@OLD_COLLATION_CONNECTION */;
